chain,residue_id,residue_name,one_letter_code,x,y,z,hydrophobicity,charge,h_donor,h_acceptor,size,category
A,694,LEU,L,19.40912437438965,-2.535749912261963,48.336875915527344,3.8,0,0,0,3,Hydrophobic
A,695,GLY,G,21.548749923706055,-0.19550000131130219,44.914249420166016,-0.4,0,0,0,1,Glycine
A,702,VAL,V,24.25614356994629,-2.071714162826538,47.86385726928711,4.2,0,0,0,2,Hydrophobic
A,719,ALA,A,25.33700180053711,-5.655200004577637,53.471397399902344,1.8,0,0,0,1,Hydrophobic
A,721,LYS,K,29.664669036865234,-1.3931113481521606,49.2599983215332,-3.9,1,1,0,3,Charged
A,738,GLU,E,35.20988845825195,2.485888957977295,53.26710510253906,-3.5,-1,0,1,3,Charged
A,742,MET,M,34.0368766784668,0.33650001883506775,58.66862487792969,1.9,0,0,0,3,Hydrophobic
A,764,LEU,L,32.61937713623047,-3.7039997577667236,51.92475128173828,3.8,0,0,0,3,Hydrophobic
A,765,ILE,I,30.59962272644043,-7.4701247215271,54.38249969482422,4.5,0,0,0,3,Hydrophobic
A,766,THR,T,27.915714263916016,-4.566285610198975,56.68400192260742,-0.7,0,1,1,2,Polar
A,767,GLN,Q,24.39699935913086,-4.749666690826416,60.55677795410156,-3.5,0,1,1,3,Polar
A,768,LEU,L,20.86349868774414,-5.381625175476074,57.109249114990234,3.8,0,0,0,3,Hydrophobic
A,769,MET,M,20.685625076293945,-1.1928750276565552,58.794124603271484,1.9,0,0,0,3,Hydrophobic
A,770,PRO,P,16.54171371459961,-3.0328571796417236,57.80685806274414,-1.6,0,0,0,2,Hydrophobic
A,771,PHE,F,13.728272438049316,-0.10809087753295898,58.75727844238281,2.8,0,0,0,4,Hydrophobic
A,772,GLY,G,17.54425048828125,2.4700000286102295,55.960750579833984,-0.4,0,0,0,1,Glycine
A,773,CYS,C,18.2536678314209,6.0500006675720215,54.92433166503906,2.5,0,0,0,2,Cysteine
A,820,LEU,L,21.750747680664062,3.550999879837036,58.33374786376953,3.8,0,0,0,3,Hydrophobic
A,830,THR,T,27.53371238708496,5.19928503036499,57.51613998413086,-0.7,0,1,1,2,Polar
A,831,ASP,D,29.0413761138916,6.267250061035156,54.189125061035156,-3.5,-1,0,1,2,Charged
